ARGB32ColorType,1001,DataType
IdBaseDataType,1002,DataType
CrimpBarrelType,1003,DataType
ContactPoint,3005,DataType
ContactingSpecification,3006,DataType
WireMounting,3007,DataType
WireMountingDetail,3008,DataType
ConfigurableElement,3010,DataType
DocumentVersion,3011,DataType
ExtendableElement,3012,DataType
ItemVersion,3013,DataType
PartOrUsageRelatedSpecification,3158,DataType
PartVersion,3159,DataType
PrimaryPartType,3160,DataType
RoutableElement,3205,DataType
Specification,3207,DataType
ResourceVersion,3277,DataType
CavitySealSpecification,3296,DataType
ConductorSpecification,3300,DataType
CoreSpecification,3302,DataType
GeneralTechnicalPartSpecification,3306,DataType
InsulationSpecification,3308,DataType
PluggableTerminalSpecification,3361,DataType
TerminalSpecification,3374,DataType
WireElement,3376,DataType
WireElementSpecification,3377,DataType
WireReception,3379,DataType
WireReceptionSpecification,3380,DataType
WireSpecification,3381,DataType
CavityPartSpecification,3433,DataType
ConductorType,3500,DataType
InsulationCrimpDetail,3653,DataType
CoreCrimpDetail,3654,DataType
CrimpDetail,3655,DataType
OccurrenceOrUsage,3703,DataType
Role,3705,DataType
CavitySealRole,3710,DataType
PluggableTerminalRole,3719,DataType
TerminalRole,3729,DataType
WireElementReference,3730,DataType
WireEnd,3731,DataType
WireRole,3735,DataType
WireReceptionReference,3736,DataType
CavityPartRole,3757,DataType
CompositionSpecification,3941,DataType
PartOccurrence,3942,DataType
Material,4026,DataType
NumericalValue,4027,DataType
Size,4088,DataType
Tolerance,4091,DataType
ValueRange,4097,DataType
ValueWithUnit,4098,DataType
BoundingBox,4126,DataType
Server_Namespaces_http___opcfoundation_org_UA_WireHarness_VEC_,5001,Object
ARGB32ColorType_Encoding_DefaultBinary,5002,Object
ARGB32ColorType_Encoding_DefaultXml,5003,Object
ARGB32ColorType_Encoding_DefaultJson,5004,Object
BoundingBox_Encoding_DefaultBinary,5005,Object
BoundingBox_Encoding_DefaultXml,5006,Object
BoundingBox_Encoding_DefaultJson,5007,Object
ContactPoint_Encoding_DefaultBinary,5008,Object
ContactPoint_Encoding_DefaultXml,5009,Object
ContactPoint_Encoding_DefaultJson,5010,Object
PartOccurrence_Encoding_DefaultBinary,5011,Object
PartOccurrence_Encoding_DefaultXml,5012,Object
PartOccurrence_Encoding_DefaultJson,5013,Object
WireElementReference_Encoding_DefaultBinary,5014,Object
WireElementReference_Encoding_DefaultXml,5015,Object
WireElementReference_Encoding_DefaultJson,5016,Object
CoreCrimpDetail_Encoding_DefaultBinary,5017,Object
CoreCrimpDetail_Encoding_DefaultXml,5018,Object
CoreCrimpDetail_Encoding_DefaultJson,5019,Object
InsulationCrimpDetail_Encoding_DefaultBinary,5020,Object
InsulationCrimpDetail_Encoding_DefaultXml,5021,Object
InsulationCrimpDetail_Encoding_DefaultJson,5022,Object
DocumentVersion_Encoding_DefaultBinary,5023,Object
DocumentVersion_Encoding_DefaultXml,5024,Object
DocumentVersion_Encoding_DefaultJson,5025,Object
PartVersion_Encoding_DefaultBinary,5026,Object
PartVersion_Encoding_DefaultXml,5027,Object
PartVersion_Encoding_DefaultJson,5028,Object
ResourceVersion_Encoding_DefaultBinary,5029,Object
ResourceVersion_Encoding_DefaultXml,5030,Object
ResourceVersion_Encoding_DefaultJson,5031,Object
CavitySealRole_Encoding_DefaultBinary,5032,Object
CavitySealRole_Encoding_DefaultXml,5033,Object
CavitySealRole_Encoding_DefaultJson,5034,Object
TerminalRole_Encoding_DefaultBinary,5035,Object
TerminalRole_Encoding_DefaultXml,5036,Object
TerminalRole_Encoding_DefaultJson,5037,Object
PluggableTerminalRole_Encoding_DefaultBinary,5038,Object
PluggableTerminalRole_Encoding_DefaultXml,5039,Object
PluggableTerminalRole_Encoding_DefaultJson,5040,Object
WireRole_Encoding_DefaultBinary,5041,Object
WireRole_Encoding_DefaultXml,5042,Object
WireRole_Encoding_DefaultJson,5043,Object
CompositionSpecification_Encoding_DefaultBinary,5044,Object
CompositionSpecification_Encoding_DefaultXml,5045,Object
CompositionSpecification_Encoding_DefaultJson,5046,Object
CoreSpecification_Encoding_DefaultBinary,5047,Object
CoreSpecification_Encoding_DefaultXml,5048,Object
CoreSpecification_Encoding_DefaultJson,5049,Object
ContactingSpecification_Encoding_DefaultBinary,5050,Object
ContactingSpecification_Encoding_DefaultXml,5051,Object
ContactingSpecification_Encoding_DefaultJson,5052,Object
InsulationSpecification_Encoding_DefaultBinary,5053,Object
InsulationSpecification_Encoding_DefaultXml,5054,Object
InsulationSpecification_Encoding_DefaultJson,5055,Object
PartOrUsageRelatedSpecification_Encoding_DefaultBinary,5056,Object
PartOrUsageRelatedSpecification_Encoding_DefaultXml,5057,Object
PartOrUsageRelatedSpecification_Encoding_DefaultJson,5058,Object
CavitySealSpecification_Encoding_DefaultBinary,5059,Object
CavitySealSpecification_Encoding_DefaultXml,5060,Object
CavitySealSpecification_Encoding_DefaultJson,5061,Object
GeneralTechnicalPartSpecification_Encoding_DefaultBinary,5062,Object
GeneralTechnicalPartSpecification_Encoding_DefaultXml,5063,Object
GeneralTechnicalPartSpecification_Encoding_DefaultJson,5064,Object
TerminalSpecification_Encoding_DefaultBinary,5065,Object
TerminalSpecification_Encoding_DefaultXml,5066,Object
TerminalSpecification_Encoding_DefaultJson,5067,Object
PluggableTerminalSpecification_Encoding_DefaultBinary,5068,Object
PluggableTerminalSpecification_Encoding_DefaultXml,5069,Object
PluggableTerminalSpecification_Encoding_DefaultJson,5070,Object
WireSpecification_Encoding_DefaultBinary,5071,Object
WireSpecification_Encoding_DefaultXml,5072,Object
WireSpecification_Encoding_DefaultJson,5073,Object
WireElementSpecification_Encoding_DefaultBinary,5074,Object
WireElementSpecification_Encoding_DefaultXml,5075,Object
WireElementSpecification_Encoding_DefaultJson,5076,Object
WireReceptionSpecification_Encoding_DefaultBinary,5077,Object
WireReceptionSpecification_Encoding_DefaultXml,5078,Object
WireReceptionSpecification_Encoding_DefaultJson,5079,Object
Tolerance_Encoding_DefaultBinary,5080,Object
Tolerance_Encoding_DefaultXml,5081,Object
Tolerance_Encoding_DefaultJson,5082,Object
WireElement_Encoding_DefaultBinary,5083,Object
WireElement_Encoding_DefaultXml,5084,Object
WireElement_Encoding_DefaultJson,5085,Object
WireEnd_Encoding_DefaultBinary,5086,Object
WireEnd_Encoding_DefaultXml,5087,Object
WireEnd_Encoding_DefaultJson,5088,Object
WireMounting_Encoding_DefaultBinary,5089,Object
WireMounting_Encoding_DefaultXml,5090,Object
WireMounting_Encoding_DefaultJson,5091,Object
WireMountingDetail_Encoding_DefaultBinary,5092,Object
WireMountingDetail_Encoding_DefaultXml,5093,Object
WireMountingDetail_Encoding_DefaultJson,5094,Object
WireReception_Encoding_DefaultBinary,5095,Object
WireReception_Encoding_DefaultXml,5096,Object
WireReception_Encoding_DefaultJson,5097,Object
WireReceptionReference_Encoding_DefaultBinary,5098,Object
WireReceptionReference_Encoding_DefaultXml,5099,Object
WireReceptionReference_Encoding_DefaultJson,5100,Object
CavityPartRoleIdDataType_Encoding_DefaultBinary,5101,Object
CavityPartRoleIdDataType_Encoding_DefaultXml,5102,Object
CavityPartRoleIdDataType_Encoding_DefaultJson,5103,Object
CavityPartSpecificationIdDataType_Encoding_DefaultBinary,5104,Object
CavityPartSpecificationIdDataType_Encoding_DefaultXml,5105,Object
CavityPartSpecificationIdDataType_Encoding_DefaultJson,5106,Object
CavitySealRoleIdDataType_Encoding_DefaultBinary,5107,Object
CavitySealRoleIdDataType_Encoding_DefaultXml,5108,Object
CavitySealRoleIdDataType_Encoding_DefaultJson,5109,Object
CavitySealSpecificationIdDataType_Encoding_DefaultBinary,5110,Object
CavitySealSpecificationIdDataType_Encoding_DefaultXml,5111,Object
CavitySealSpecificationIdDataType_Encoding_DefaultJson,5112,Object
CompositionSpecificationIdDataType_Encoding_DefaultBinary,5113,Object
CompositionSpecificationIdDataType_Encoding_DefaultXml,5114,Object
CompositionSpecificationIdDataType_Encoding_DefaultJson,5115,Object
ConductorSpecificationIdDataType_Encoding_DefaultBinary,5116,Object
ConductorSpecificationIdDataType_Encoding_DefaultXml,5117,Object
ConductorSpecificationIdDataType_Encoding_DefaultJson,5118,Object
ConfigurableElementIdDataType_Encoding_DefaultBinary,5119,Object
ConfigurableElementIdDataType_Encoding_DefaultXml,5120,Object
ConfigurableElementIdDataType_Encoding_DefaultJson,5121,Object
ContactingSpecificationIdDataType_Encoding_DefaultBinary,5122,Object
ContactingSpecificationIdDataType_Encoding_DefaultXml,5123,Object
ContactingSpecificationIdDataType_Encoding_DefaultJson,5124,Object
ContactPointIdDataType_Encoding_DefaultBinary,5125,Object
ContactPointIdDataType_Encoding_DefaultXml,5126,Object
ContactPointIdDataType_Encoding_DefaultJson,5127,Object
CoreCrimpDetailIdDataType_Encoding_DefaultBinary,5128,Object
CoreCrimpDetailIdDataType_Encoding_DefaultXml,5129,Object
CoreCrimpDetailIdDataType_Encoding_DefaultJson,5130,Object
CoreSpecificationIdDataType_Encoding_DefaultBinary,5131,Object
CoreSpecificationIdDataType_Encoding_DefaultXml,5132,Object
CoreSpecificationIdDataType_Encoding_DefaultJson,5133,Object
CrimpDetailIdDataType_Encoding_DefaultBinary,5134,Object
CrimpDetailIdDataType_Encoding_DefaultXml,5135,Object
CrimpDetailIdDataType_Encoding_DefaultJson,5136,Object
DocumentVersionIdDataType_Encoding_DefaultBinary,5137,Object
DocumentVersionIdDataType_Encoding_DefaultXml,5138,Object
DocumentVersionIdDataType_Encoding_DefaultJson,5139,Object
ExtendableElementIdDataType_Encoding_DefaultBinary,5140,Object
ExtendableElementIdDataType_Encoding_DefaultXml,5141,Object
ExtendableElementIdDataType_Encoding_DefaultJson,5142,Object
GeneralTechnicalPartSpecificationIdDataType_Encoding_DefaultBinary,5143,Object
GeneralTechnicalPartSpecificationIdDataType_Encoding_DefaultXml,5144,Object
GeneralTechnicalPartSpecificationIdDataType_Encoding_DefaultJson,5145,Object
InsulationCrimpDetailIdDataType_Encoding_DefaultBinary,5146,Object
InsulationCrimpDetailIdDataType_Encoding_DefaultXml,5147,Object
InsulationCrimpDetailIdDataType_Encoding_DefaultJson,5148,Object
InsulationSpecificationIdDataType_Encoding_DefaultBinary,5149,Object
InsulationSpecificationIdDataType_Encoding_DefaultXml,5150,Object
InsulationSpecificationIdDataType_Encoding_DefaultJson,5151,Object
ItemVersionIdDataType_Encoding_DefaultBinary,5152,Object
ItemVersionIdDataType_Encoding_DefaultXml,5153,Object
ItemVersionIdDataType_Encoding_DefaultJson,5154,Object
OccurrenceOrUsageIdDataType_Encoding_DefaultBinary,5155,Object
OccurrenceOrUsageIdDataType_Encoding_DefaultXml,5156,Object
OccurrenceOrUsageIdDataType_Encoding_DefaultJson,5157,Object
PartOccurrenceIdDataType_Encoding_DefaultBinary,5158,Object
PartOccurrenceIdDataType_Encoding_DefaultXml,5159,Object
PartOccurrenceIdDataType_Encoding_DefaultJson,5160,Object
PartOrUsageRelatedSpecificationIdDataType_Encoding_DefaultBinary,5161,Object
PartOrUsageRelatedSpecificationIdDataType_Encoding_DefaultXml,5162,Object
PartOrUsageRelatedSpecificationIdDataType_Encoding_DefaultJson,5163,Object
PartVersionIdDataType_Encoding_DefaultBinary,5164,Object
PartVersionIdDataType_Encoding_DefaultXml,5165,Object
PartVersionIdDataType_Encoding_DefaultJson,5166,Object
PluggableTerminalRoleIdDataType_Encoding_DefaultBinary,5167,Object
PluggableTerminalRoleIdDataType_Encoding_DefaultXml,5168,Object
PluggableTerminalRoleIdDataType_Encoding_DefaultJson,5169,Object
PluggableTerminalSpecificationIdDataType_Encoding_DefaultBinary,5170,Object
PluggableTerminalSpecificationIdDataType_Encoding_DefaultXml,5171,Object
PluggableTerminalSpecificationIdDataType_Encoding_DefaultJson,5172,Object
ResourceVersionIdDataType_Encoding_DefaultBinary,5173,Object
ResourceVersionIdDataType_Encoding_DefaultXml,5174,Object
ResourceVersionIdDataType_Encoding_DefaultJson,5175,Object
RoleIdDataType_Encoding_DefaultBinary,5176,Object
RoleIdDataType_Encoding_DefaultXml,5177,Object
RoleIdDataType_Encoding_DefaultJson,5178,Object
RoutableElementIdDataType_Encoding_DefaultBinary,5179,Object
RoutableElementIdDataType_Encoding_DefaultXml,5180,Object
RoutableElementIdDataType_Encoding_DefaultJson,5181,Object
SpecificationIdDataType_Encoding_DefaultBinary,5182,Object
SpecificationIdDataType_Encoding_DefaultXml,5183,Object
SpecificationIdDataType_Encoding_DefaultJson,5184,Object
TerminalRoleIdDataType_Encoding_DefaultBinary,5185,Object
TerminalRoleIdDataType_Encoding_DefaultXml,5186,Object
TerminalRoleIdDataType_Encoding_DefaultJson,5187,Object
TerminalSpecificationIdDataType_Encoding_DefaultBinary,5188,Object
TerminalSpecificationIdDataType_Encoding_DefaultXml,5189,Object
TerminalSpecificationIdDataType_Encoding_DefaultJson,5190,Object
WireElementIdDataType_Encoding_DefaultBinary,5191,Object
WireElementIdDataType_Encoding_DefaultXml,5192,Object
WireElementIdDataType_Encoding_DefaultJson,5193,Object
WireElementReferenceIdDataType_Encoding_DefaultBinary,5194,Object
WireElementReferenceIdDataType_Encoding_DefaultXml,5195,Object
WireElementReferenceIdDataType_Encoding_DefaultJson,5196,Object
WireElementSpecificationIdDataType_Encoding_DefaultBinary,5197,Object
WireElementSpecificationIdDataType_Encoding_DefaultXml,5198,Object
WireElementSpecificationIdDataType_Encoding_DefaultJson,5199,Object
WireEndIdDataType_Encoding_DefaultBinary,5200,Object
WireEndIdDataType_Encoding_DefaultXml,5201,Object
WireEndIdDataType_Encoding_DefaultJson,5202,Object
WireMountingDetailIdDataType_Encoding_DefaultBinary,5203,Object
WireMountingDetailIdDataType_Encoding_DefaultXml,5204,Object
WireMountingDetailIdDataType_Encoding_DefaultJson,5205,Object
WireMountingIdDataType_Encoding_DefaultBinary,5206,Object
WireMountingIdDataType_Encoding_DefaultXml,5207,Object
WireMountingIdDataType_Encoding_DefaultJson,5208,Object
WireReceptionIdDataType_Encoding_DefaultBinary,5209,Object
WireReceptionIdDataType_Encoding_DefaultXml,5210,Object
WireReceptionIdDataType_Encoding_DefaultJson,5211,Object
WireReceptionReferenceIdDataType_Encoding_DefaultBinary,5212,Object
WireReceptionReferenceIdDataType_Encoding_DefaultXml,5213,Object
WireReceptionReferenceIdDataType_Encoding_DefaultJson,5214,Object
WireReceptionSpecificationIdDataType_Encoding_DefaultBinary,5215,Object
WireReceptionSpecificationIdDataType_Encoding_DefaultXml,5216,Object
WireReceptionSpecificationIdDataType_Encoding_DefaultJson,5217,Object
WireRoleIdDataType_Encoding_DefaultBinary,5218,Object
WireRoleIdDataType_Encoding_DefaultXml,5219,Object
WireRoleIdDataType_Encoding_DefaultJson,5220,Object
WireSpecificationIdDataType_Encoding_DefaultBinary,5221,Object
WireSpecificationIdDataType_Encoding_DefaultXml,5222,Object
WireSpecificationIdDataType_Encoding_DefaultJson,5223,Object
Material_Encoding_DefaultBinary,5224,Object
Material_Encoding_DefaultXml,5225,Object
Material_Encoding_DefaultJson,5226,Object
Size_Encoding_DefaultBinary,5227,Object
Size_Encoding_DefaultXml,5228,Object
Size_Encoding_DefaultJson,5229,Object
NumericalValue_Encoding_DefaultBinary,5230,Object
NumericalValue_Encoding_DefaultXml,5231,Object
NumericalValue_Encoding_DefaultJson,5232,Object
ValueRange_Encoding_DefaultBinary,5233,Object
ValueRange_Encoding_DefaultXml,5234,Object
ValueRange_Encoding_DefaultJson,5235,Object
CrimpBarrelType_EnumStrings,6001,Variable
PrimaryPartType_EnumValues,6002,Variable
ConductorType_EnumValues,6003,Variable
Server_Namespaces_http___opcfoundation_org_UA_WireHarness_VEC__IsNamespaceSubset,6004,Variable
ContactPointIdDataType,6005,DataType
ContactingSpecificationIdDataType,6006,DataType
WireMountingIdDataType,6007,DataType
WireMountingDetailIdDataType,6008,DataType
Server_Namespaces_http___opcfoundation_org_UA_WireHarness_VEC__NamespacePublicationDate,6009,Variable
ConfigurableElementIdDataType,6010,DataType
DocumentVersionIdDataType,6011,DataType
ExtendableElementIdDataType,6012,DataType
ItemVersionIdDataType,6013,DataType
Server_Namespaces_http___opcfoundation_org_UA_WireHarness_VEC__NamespaceUri,6014,Variable
Server_Namespaces_http___opcfoundation_org_UA_WireHarness_VEC__NamespaceVersion,6015,Variable
Server_Namespaces_http___opcfoundation_org_UA_WireHarness_VEC__StaticNodeIdTypes,6016,Variable
Server_Namespaces_http___opcfoundation_org_UA_WireHarness_VEC__StaticNumericNodeIdRange,6017,Variable
Server_Namespaces_http___opcfoundation_org_UA_WireHarness_VEC__StaticStringNodeIdPattern,6018,Variable
Server_Namespaces_http___opcfoundation_org_UA_WireHarness_VEC__DefaultRolePermissions,6019,Variable
Server_Namespaces_http___opcfoundation_org_UA_WireHarness_VEC__DefaultUserRolePermissions,6020,Variable
Server_Namespaces_http___opcfoundation_org_UA_WireHarness_VEC__DefaultAccessRestrictions,6021,Variable
TypeDictionary_BinarySchema,6022,Variable
TypeDictionary_BinarySchema_NamespaceUri,6023,Variable
TypeDictionary_XmlSchema,6024,Variable
TypeDictionary_XmlSchema_NamespaceUri,6025,Variable
TypeDictionary_BinarySchema_ARGB32ColorType,6026,Variable
TypeDictionary_XmlSchema_ARGB32ColorType,6027,Variable
TypeDictionary_BinarySchema_BoundingBox,6028,Variable
TypeDictionary_XmlSchema_BoundingBox,6029,Variable
TypeDictionary_BinarySchema_ContactPoint,6030,Variable
TypeDictionary_XmlSchema_ContactPoint,6031,Variable
TypeDictionary_BinarySchema_PartOccurrence,6032,Variable
TypeDictionary_XmlSchema_PartOccurrence,6033,Variable
TypeDictionary_BinarySchema_WireElementReference,6034,Variable
TypeDictionary_XmlSchema_WireElementReference,6035,Variable
TypeDictionary_BinarySchema_CoreCrimpDetail,6036,Variable
TypeDictionary_XmlSchema_CoreCrimpDetail,6037,Variable
TypeDictionary_BinarySchema_InsulationCrimpDetail,6038,Variable
TypeDictionary_XmlSchema_InsulationCrimpDetail,6039,Variable
TypeDictionary_BinarySchema_DocumentVersion,6040,Variable
TypeDictionary_XmlSchema_DocumentVersion,6041,Variable
TypeDictionary_BinarySchema_PartVersion,6042,Variable
TypeDictionary_XmlSchema_PartVersion,6043,Variable
TypeDictionary_BinarySchema_ResourceVersion,6044,Variable
TypeDictionary_XmlSchema_ResourceVersion,6045,Variable
TypeDictionary_BinarySchema_CavitySealRole,6046,Variable
TypeDictionary_XmlSchema_CavitySealRole,6047,Variable
TypeDictionary_BinarySchema_TerminalRole,6048,Variable
TypeDictionary_XmlSchema_TerminalRole,6049,Variable
TypeDictionary_BinarySchema_PluggableTerminalRole,6050,Variable
TypeDictionary_XmlSchema_PluggableTerminalRole,6051,Variable
TypeDictionary_BinarySchema_WireRole,6052,Variable
TypeDictionary_XmlSchema_WireRole,6053,Variable
TypeDictionary_BinarySchema_CompositionSpecification,6054,Variable
TypeDictionary_XmlSchema_CompositionSpecification,6055,Variable
TypeDictionary_BinarySchema_CoreSpecification,6056,Variable
TypeDictionary_XmlSchema_CoreSpecification,6057,Variable
TypeDictionary_BinarySchema_ContactingSpecification,6058,Variable
TypeDictionary_XmlSchema_ContactingSpecification,6059,Variable
TypeDictionary_BinarySchema_InsulationSpecification,6060,Variable
TypeDictionary_XmlSchema_InsulationSpecification,6061,Variable
TypeDictionary_BinarySchema_PartOrUsageRelatedSpecification,6062,Variable
TypeDictionary_XmlSchema_PartOrUsageRelatedSpecification,6063,Variable
TypeDictionary_BinarySchema_CavitySealSpecification,6064,Variable
TypeDictionary_XmlSchema_CavitySealSpecification,6065,Variable
TypeDictionary_BinarySchema_GeneralTechnicalPartSpecification,6066,Variable
TypeDictionary_XmlSchema_GeneralTechnicalPartSpecification,6067,Variable
TypeDictionary_BinarySchema_TerminalSpecification,6068,Variable
TypeDictionary_XmlSchema_TerminalSpecification,6069,Variable
TypeDictionary_BinarySchema_PluggableTerminalSpecification,6070,Variable
TypeDictionary_XmlSchema_PluggableTerminalSpecification,6071,Variable
TypeDictionary_BinarySchema_WireSpecification,6072,Variable
TypeDictionary_XmlSchema_WireSpecification,6073,Variable
TypeDictionary_BinarySchema_WireElementSpecification,6074,Variable
TypeDictionary_XmlSchema_WireElementSpecification,6075,Variable
TypeDictionary_BinarySchema_WireReceptionSpecification,6076,Variable
TypeDictionary_XmlSchema_WireReceptionSpecification,6077,Variable
TypeDictionary_BinarySchema_Tolerance,6078,Variable
TypeDictionary_XmlSchema_Tolerance,6079,Variable
TypeDictionary_BinarySchema_WireElement,6080,Variable
TypeDictionary_XmlSchema_WireElement,6081,Variable
TypeDictionary_BinarySchema_WireEnd,6082,Variable
TypeDictionary_XmlSchema_WireEnd,6083,Variable
TypeDictionary_BinarySchema_WireMounting,6084,Variable
TypeDictionary_XmlSchema_WireMounting,6085,Variable
TypeDictionary_BinarySchema_WireMountingDetail,6086,Variable
TypeDictionary_XmlSchema_WireMountingDetail,6087,Variable
TypeDictionary_BinarySchema_WireReception,6088,Variable
TypeDictionary_XmlSchema_WireReception,6089,Variable
TypeDictionary_BinarySchema_WireReceptionReference,6090,Variable
TypeDictionary_XmlSchema_WireReceptionReference,6091,Variable
TypeDictionary_BinarySchema_CavityPartRoleIdDataType,6092,Variable
TypeDictionary_XmlSchema_CavityPartRoleIdDataType,6093,Variable
TypeDictionary_BinarySchema_CavityPartSpecificationIdDataType,6094,Variable
TypeDictionary_XmlSchema_CavityPartSpecificationIdDataType,6095,Variable
TypeDictionary_BinarySchema_CavitySealRoleIdDataType,6096,Variable
TypeDictionary_XmlSchema_CavitySealRoleIdDataType,6097,Variable
TypeDictionary_BinarySchema_CavitySealSpecificationIdDataType,6098,Variable
TypeDictionary_XmlSchema_CavitySealSpecificationIdDataType,6099,Variable
TypeDictionary_BinarySchema_CompositionSpecificationIdDataType,6100,Variable
TypeDictionary_XmlSchema_CompositionSpecificationIdDataType,6101,Variable
TypeDictionary_BinarySchema_ConductorSpecificationIdDataType,6102,Variable
TypeDictionary_XmlSchema_ConductorSpecificationIdDataType,6103,Variable
TypeDictionary_BinarySchema_ConfigurableElementIdDataType,6104,Variable
TypeDictionary_XmlSchema_ConfigurableElementIdDataType,6105,Variable
TypeDictionary_BinarySchema_ContactingSpecificationIdDataType,6106,Variable
TypeDictionary_XmlSchema_ContactingSpecificationIdDataType,6107,Variable
TypeDictionary_BinarySchema_ContactPointIdDataType,6108,Variable
TypeDictionary_XmlSchema_ContactPointIdDataType,6109,Variable
TypeDictionary_BinarySchema_CoreCrimpDetailIdDataType,6110,Variable
TypeDictionary_XmlSchema_CoreCrimpDetailIdDataType,6111,Variable
TypeDictionary_BinarySchema_CoreSpecificationIdDataType,6112,Variable
TypeDictionary_XmlSchema_CoreSpecificationIdDataType,6113,Variable
TypeDictionary_BinarySchema_CrimpDetailIdDataType,6114,Variable
TypeDictionary_XmlSchema_CrimpDetailIdDataType,6115,Variable
TypeDictionary_BinarySchema_DocumentVersionIdDataType,6116,Variable
TypeDictionary_XmlSchema_DocumentVersionIdDataType,6117,Variable
TypeDictionary_BinarySchema_ExtendableElementIdDataType,6118,Variable
TypeDictionary_XmlSchema_ExtendableElementIdDataType,6119,Variable
TypeDictionary_BinarySchema_GeneralTechnicalPartSpecificationIdDataType,6120,Variable
TypeDictionary_XmlSchema_GeneralTechnicalPartSpecificationIdDataType,6121,Variable
TypeDictionary_BinarySchema_InsulationCrimpDetailIdDataType,6122,Variable
TypeDictionary_XmlSchema_InsulationCrimpDetailIdDataType,6123,Variable
TypeDictionary_BinarySchema_InsulationSpecificationIdDataType,6124,Variable
TypeDictionary_XmlSchema_InsulationSpecificationIdDataType,6125,Variable
TypeDictionary_BinarySchema_ItemVersionIdDataType,6126,Variable
TypeDictionary_XmlSchema_ItemVersionIdDataType,6127,Variable
TypeDictionary_BinarySchema_OccurrenceOrUsageIdDataType,6128,Variable
TypeDictionary_XmlSchema_OccurrenceOrUsageIdDataType,6129,Variable
TypeDictionary_BinarySchema_PartOccurrenceIdDataType,6130,Variable
TypeDictionary_XmlSchema_PartOccurrenceIdDataType,6131,Variable
TypeDictionary_BinarySchema_PartOrUsageRelatedSpecificationIdDataType,6132,Variable
TypeDictionary_XmlSchema_PartOrUsageRelatedSpecificationIdDataType,6133,Variable
TypeDictionary_BinarySchema_PartVersionIdDataType,6134,Variable
TypeDictionary_XmlSchema_PartVersionIdDataType,6135,Variable
TypeDictionary_BinarySchema_PluggableTerminalRoleIdDataType,6136,Variable
TypeDictionary_XmlSchema_PluggableTerminalRoleIdDataType,6137,Variable
TypeDictionary_BinarySchema_PluggableTerminalSpecificationIdDataType,6138,Variable
TypeDictionary_XmlSchema_PluggableTerminalSpecificationIdDataType,6139,Variable
TypeDictionary_BinarySchema_ResourceVersionIdDataType,6140,Variable
TypeDictionary_XmlSchema_ResourceVersionIdDataType,6141,Variable
TypeDictionary_BinarySchema_RoleIdDataType,6142,Variable
TypeDictionary_XmlSchema_RoleIdDataType,6143,Variable
TypeDictionary_BinarySchema_RoutableElementIdDataType,6144,Variable
TypeDictionary_XmlSchema_RoutableElementIdDataType,6145,Variable
TypeDictionary_BinarySchema_SpecificationIdDataType,6146,Variable
TypeDictionary_XmlSchema_SpecificationIdDataType,6147,Variable
TypeDictionary_BinarySchema_TerminalRoleIdDataType,6148,Variable
TypeDictionary_XmlSchema_TerminalRoleIdDataType,6149,Variable
TypeDictionary_BinarySchema_TerminalSpecificationIdDataType,6150,Variable
TypeDictionary_XmlSchema_TerminalSpecificationIdDataType,6151,Variable
TypeDictionary_BinarySchema_WireElementIdDataType,6152,Variable
TypeDictionary_XmlSchema_WireElementIdDataType,6153,Variable
TypeDictionary_BinarySchema_WireElementReferenceIdDataType,6154,Variable
TypeDictionary_XmlSchema_WireElementReferenceIdDataType,6155,Variable
TypeDictionary_BinarySchema_WireElementSpecificationIdDataType,6156,Variable
TypeDictionary_XmlSchema_WireElementSpecificationIdDataType,6157,Variable
PartOrUsageRelatedSpecificationIdDataType,6158,DataType
PartVersionIdDataType,6159,DataType
TypeDictionary_BinarySchema_WireEndIdDataType,6160,Variable
TypeDictionary_XmlSchema_WireEndIdDataType,6161,Variable
TypeDictionary_BinarySchema_WireMountingDetailIdDataType,6162,Variable
TypeDictionary_XmlSchema_WireMountingDetailIdDataType,6163,Variable
TypeDictionary_BinarySchema_WireMountingIdDataType,6164,Variable
TypeDictionary_XmlSchema_WireMountingIdDataType,6165,Variable
TypeDictionary_BinarySchema_WireReceptionIdDataType,6166,Variable
TypeDictionary_XmlSchema_WireReceptionIdDataType,6167,Variable
TypeDictionary_BinarySchema_WireReceptionReferenceIdDataType,6168,Variable
TypeDictionary_XmlSchema_WireReceptionReferenceIdDataType,6169,Variable
TypeDictionary_BinarySchema_WireReceptionSpecificationIdDataType,6170,Variable
TypeDictionary_XmlSchema_WireReceptionSpecificationIdDataType,6171,Variable
TypeDictionary_BinarySchema_WireRoleIdDataType,6172,Variable
TypeDictionary_XmlSchema_WireRoleIdDataType,6173,Variable
TypeDictionary_BinarySchema_WireSpecificationIdDataType,6174,Variable
TypeDictionary_XmlSchema_WireSpecificationIdDataType,6175,Variable
TypeDictionary_BinarySchema_Material,6176,Variable
TypeDictionary_XmlSchema_Material,6177,Variable
TypeDictionary_BinarySchema_Size,6178,Variable
TypeDictionary_XmlSchema_Size,6179,Variable
TypeDictionary_BinarySchema_NumericalValue,6180,Variable
TypeDictionary_XmlSchema_NumericalValue,6181,Variable
TypeDictionary_BinarySchema_ValueRange,6182,Variable
TypeDictionary_XmlSchema_ValueRange,6183,Variable
RoutableElementIdDataType,6205,DataType
SpecificationIdDataType,6207,DataType
ResourceVersionIdDataType,6277,DataType
CavitySealSpecificationIdDataType,6296,DataType
ConductorSpecificationIdDataType,6300,DataType
CoreSpecificationIdDataType,6302,DataType
GeneralTechnicalPartSpecificationIdDataType,6306,DataType
InsulationSpecificationIdDataType,6308,DataType
PluggableTerminalSpecificationIdDataType,6361,DataType
TerminalSpecificationIdDataType,6374,DataType
WireElementIdDataType,6376,DataType
WireElementSpecificationIdDataType,6377,DataType
WireReceptionIdDataType,6379,DataType
WireReceptionSpecificationIdDataType,6380,DataType
WireSpecificationIdDataType,6381,DataType
CavityPartSpecificationIdDataType,6433,DataType
InsulationCrimpDetailIdDataType,6653,DataType
CoreCrimpDetailIdDataType,6654,DataType
CrimpDetailIdDataType,6655,DataType
OccurrenceOrUsageIdDataType,6703,DataType
RoleIdDataType,6705,DataType
CavitySealRoleIdDataType,6710,DataType
PluggableTerminalRoleIdDataType,6719,DataType
TerminalRoleIdDataType,6729,DataType
WireElementReferenceIdDataType,6730,DataType
WireEndIdDataType,6731,DataType
WireRoleIdDataType,6735,DataType
WireReceptionReferenceIdDataType,6736,DataType
CavityPartRoleIdDataType,6757,DataType
CompositionSpecificationIdDataType,6941,DataType
PartOccurrenceIdDataType,6942,DataType
