BaseMachineType,1003,ObjectType
BaseComponentType,1004,ObjectType
BaseMachineType_Identification,5001,Object
BaseMachineType_Components,5002,Object
BaseMachineType_OperationCounters,5003,Object
BaseMachineType_Monitoring,5004,Object
BaseMachineType_MachineryEquipment,5005,Object
BaseMachineType_Notifications,5006,Object
BaseMachineType_MachineryBuildingBlocks,5007,Object
BaseMachineType_MachineryBuildingBlocks_LifetimeCounters,5008,Object
BaseMachineType_MachineryBuildingBlocks_JobManagement,5009,Object
BaseMachineType_MachineryBuildingBlocks_JobManagement_JobOrderControl,5010,Object
BaseMachineType_MachineryBuildingBlocks_JobManagement_JobOrderResults,5011,Object
BaseMachineType_MachineryBuildingBlocks_ResultManagement,5012,Object
BaseMachineType_Monitoring_Consumption,5013,Object
BaseMachineType_Monitoring_Health,5014,Object
BaseMachineType_Monitoring_Process,5015,Object
BaseMachineType_Monitoring_Status,5016,Object
BaseMachineType_MachineryBuildingBlocks_ResultManagement_ResultTransfer,5017,Object
BaseMachineType_MachineryBuildingBlocks_ResultManagement_Results,5018,Object
BaseMachineType_Components_Component,5019,Object
BaseMachineType_Monitoring_Health_DeviceHealthAlarms,5020,Object
BaseMachineType_Monitoring_Status_MachineryItemState,5021,Object
BaseComponentType_Monitoring_Status_MachineryOperationMode,5022,Object
BaseMachineType_Monitoring_Status_Stacklight,5023,Object
BaseMachineType_Monitoring_Status_Stacklight_StackLevel,5024,Object
BaseMachineType_Monitoring_Status_Stacklight_StackRunning,5025,Object
Server_Namespaces_http___opcfoundation_org_UA_Machinery_Example_,5026,Object
BaseComponentType_Identification,5033,Object
BaseMachineType_Components_Component_Identification,5034,Object
BaseComponentType_Monitoring,5035,Object
BaseComponentType_MachineryBuildingBlocks,5036,Object
BaseComponentType_Monitoring_Consumption,5037,Object
BaseComponentType_Monitoring_Health,5038,Object
BaseComponentType_Monitoring_Process,5039,Object
BaseComponentType_Monitoring_Status,5040,Object
BaseComponentType_Monitoring_Status_MachineryItemState,5041,Object
BaseComponentType_Monitoring_Status_Stacklight,5043,Object
BaseComponentType_Monitoring_Status_Stacklight_StackLevel,5044,Object
BaseComponentType_Monitoring_Status_Stacklight_StackRunning,5045,Object
BaseComponentType_Monitoring_Health_DeviceHealthAlarms,5046,Object
BaseComponentType_OperationCounters,5047,Object
BaseComponentType_MachineryBuildingBlocks_LifetimeCounters,5048,Object
BaseComponentType_MachineryEquipment,5049,Object
BaseComponentType_Notifications,5050,Object
BaseComponentType_MachineryBuildingBlocks_JobManagement,5057,Object
BaseComponentType_MachineryBuildingBlocks_JobManagement_JobOrderControl,5058,Object
BaseComponentType_MachineryBuildingBlocks_JobManagement_JobOrderResults,5059,Object
BaseComponentType_MachineryBuildingBlocks_ResultManagement,5060,Object
BaseComponentType_MachineryBuildingBlocks_ResultManagement_ResultTransfer,5061,Object
BaseComponentType_MachineryBuildingBlocks_ResultManagement_Results,5062,Object
BaseComponentType_Monitoring_Process_Measurement,5063,Object
BaseComponentType_Monitoring_Process_Measurement_DeviationAlarm,5064,Object
BaseComponentType_Monitoring_Process_Measurement_DeviationAlarm_LimitState,5065,Object
BaseComponentType_Monitoring_Process_Measurement_LimitAlarm,5066,Object
BaseComponentType_Monitoring_Process_Measurement_LimitAlarm_LimitState,5067,Object
BaseComponentType_Monitoring_Process_Measurement_SignalConditionSet,5068,Object
BaseMachineType_Monitoring_Process_Measurement,5069,Object
BaseMachineType_Monitoring_Process_Measurement_DeviationAlarm,5070,Object
BaseMachineType_Monitoring_Process_Measurement_DeviationAlarm_LimitState,5071,Object
BaseMachineType_Monitoring_Process_Measurement_LimitAlarm,5072,Object
BaseMachineType_Monitoring_Process_Measurement_LimitAlarm_LimitState,5073,Object
BaseMachineType_Monitoring_Process_Measurement_SignalConditionSet,5074,Object
BaseMachineType_Monitoring_Status_MachineryOperationMode,5075,Object
BaseMachineType_Identification_ProductInstanceUri,6001,Variable
BaseMachineType_Identification_Manufacturer,6002,Variable
BaseMachineType_Identification_SerialNumber,6003,Variable
BaseMachineType_MachineryBuildingBlocks_LifetimeCounters_LifetimeVariable,6004,Variable
BaseMachineType_MachineryBuildingBlocks_LifetimeCounters_LifetimeVariable_EngineeringUnits,6005,Variable
BaseMachineType_MachineryBuildingBlocks_LifetimeCounters_LifetimeVariable_LimitValue,6006,Variable
BaseMachineType_MachineryBuildingBlocks_LifetimeCounters_LifetimeVariable_StartValue,6007,Variable
BaseMachineType_MachineryBuildingBlocks_JobManagement_JobOrderControl_CurrentState,6008,Variable
BaseMachineType_MachineryBuildingBlocks_JobManagement_JobOrderControl_CurrentState_Id,6009,Variable
BaseMachineType_MachineryBuildingBlocks_JobManagement_JobOrderControl_EquipmentID,6010,Variable
BaseMachineType_MachineryBuildingBlocks_JobManagement_JobOrderControl_JobOrderList,6011,Variable
BaseMachineType_MachineryBuildingBlocks_JobManagement_JobOrderControl_MaterialClassID,6012,Variable
BaseMachineType_MachineryBuildingBlocks_JobManagement_JobOrderControl_MaterialDefinitionID,6013,Variable
BaseMachineType_MachineryBuildingBlocks_JobManagement_JobOrderControl_MaxDownloadableJobOrders,6014,Variable
BaseMachineType_MachineryBuildingBlocks_JobManagement_JobOrderControl_PersonnelID,6015,Variable
BaseMachineType_MachineryBuildingBlocks_JobManagement_JobOrderControl_PhysicalAssetID,6016,Variable
BaseMachineType_MachineryBuildingBlocks_JobManagement_JobOrderControl_WorkMaster,6017,Variable
BaseMachineType_MachineryBuildingBlocks_JobManagement_JobOrderResults_RequestJobResponseByJobOrderID_InputArguments,6018,Variable
BaseMachineType_MachineryBuildingBlocks_JobManagement_JobOrderResults_RequestJobResponseByJobOrderID_OutputArguments,6019,Variable
BaseMachineType_MachineryBuildingBlocks_JobManagement_JobOrderResults_RequestJobResponseByJobOrderState_InputArguments,6020,Variable
BaseMachineType_MachineryBuildingBlocks_JobManagement_JobOrderResults_RequestJobResponseByJobOrderState_OutputArguments,6021,Variable
BaseMachineType_OperationCounters_OperationCycleCounter,6022,Variable
BaseMachineType_OperationCounters_OperationDuration,6023,Variable
BaseMachineType_OperationCounters_PowerOnDuration,6024,Variable
BaseMachineType_MachineryBuildingBlocks_ResultManagement_AcknowledgeResults_InputArguments,6025,Variable
BaseMachineType_MachineryBuildingBlocks_ResultManagement_AcknowledgeResults_OutputArguments,6026,Variable
BaseMachineType_MachineryBuildingBlocks_ResultManagement_GetLatestResult_InputArguments,6027,Variable
BaseMachineType_MachineryBuildingBlocks_ResultManagement_GetLatestResult_OutputArguments,6028,Variable
BaseMachineType_MachineryBuildingBlocks_ResultManagement_GetResultById_InputArguments,6029,Variable
BaseMachineType_MachineryBuildingBlocks_ResultManagement_GetResultById_OutputArguments,6030,Variable
BaseMachineType_Identification_AssetId,6031,Variable
BaseMachineType_Identification_ComponentName,6032,Variable
BaseMachineType_Identification_DeviceClass,6033,Variable
BaseMachineType_Identification_HardwareRevision,6034,Variable
BaseMachineType_Identification_InitialOperationDate,6035,Variable
BaseMachineType_Identification_Location,6036,Variable
BaseMachineType_Identification_ManufacturerUri,6037,Variable
BaseMachineType_Identification_Model,6038,Variable
BaseMachineType_Identification_MonthOfConstruction,6039,Variable
BaseMachineType_Identification_ProductCode,6040,Variable
BaseMachineType_Identification_SoftwareRevision,6041,Variable
BaseMachineType_Identification_YearOfConstruction,6042,Variable
BaseMachineType_Monitoring_Health_DeviceHealth,6043,Variable
BaseMachineType_Monitoring_Status_MachineryItemState_CurrentState,6044,Variable
BaseMachineType_Monitoring_Status_MachineryItemState_CurrentState_Id,6045,Variable
BaseComponentType_Monitoring_Status_MachineryOperationMode_CurrentState,6046,Variable
BaseComponentType_Monitoring_Status_MachineryOperationMode_CurrentState_Id,6047,Variable
BaseMachineType_Monitoring_Status_Stacklight_StacklightMode,6048,Variable
BaseMachineType_Monitoring_Status_MachineryItemState_AvailableStates,6049,Variable
BaseMachineType_Monitoring_Status_MachineryItemState_AvailableTransitions,6050,Variable
BaseMachineType_Monitoring_Status_MachineryItemState_LastTransition,6051,Variable
BaseMachineType_Monitoring_Status_MachineryItemState_LastTransition_Id,6052,Variable
BaseComponentType_Monitoring_Status_MachineryOperationMode_AvailableStates,6053,Variable
BaseComponentType_Monitoring_Status_MachineryOperationMode_AvailableTransitions,6054,Variable
BaseComponentType_Monitoring_Status_MachineryOperationMode_LastTransition,6055,Variable
BaseComponentType_Monitoring_Status_MachineryOperationMode_LastTransition_Id,6056,Variable
BaseMachineType_Monitoring_Status_Stacklight_NodeVersion,6057,Variable
BaseMachineType_Monitoring_Status_Stacklight_StackLevel_DisplayMode,6058,Variable
BaseMachineType_Monitoring_Status_Stacklight_StackLevel_LevelPercent,6059,Variable
BaseMachineType_Monitoring_Status_Stacklight_StackLevel_LevelPercent_EURange,6060,Variable
BaseMachineType_Monitoring_Status_MachineryItemState_CurrentState_EffectiveDisplayName,6061,Variable
BaseMachineType_Monitoring_Status_MachineryItemState_CurrentState_Name,6062,Variable
BaseMachineType_Monitoring_Status_MachineryItemState_CurrentState_Number,6063,Variable
BaseMachineType_Monitoring_Status_MachineryItemState_LastTransition_EffectiveTransitionTime,6064,Variable
BaseMachineType_Monitoring_Status_MachineryItemState_LastTransition_Name,6065,Variable
BaseMachineType_Monitoring_Status_MachineryItemState_LastTransition_Number,6066,Variable
BaseMachineType_Monitoring_Status_MachineryItemState_LastTransition_TransitionTime,6067,Variable
BaseComponentType_Monitoring_Status_MachineryOperationMode_CurrentState_EffectiveDisplayName,6068,Variable
BaseComponentType_Monitoring_Status_MachineryOperationMode_CurrentState_Name,6069,Variable
BaseComponentType_Monitoring_Status_MachineryOperationMode_CurrentState_Number,6070,Variable
BaseComponentType_Monitoring_Status_MachineryOperationMode_LastTransition_EffectiveTransitionTime,6071,Variable
BaseComponentType_Monitoring_Status_MachineryOperationMode_LastTransition_Name,6072,Variable
BaseComponentType_Monitoring_Status_MachineryOperationMode_LastTransition_Number,6073,Variable
BaseComponentType_Monitoring_Status_MachineryOperationMode_LastTransition_TransitionTime,6074,Variable
BaseMachineType_Monitoring_Status_Stacklight_StackLevel_LevelPercent_Definition,6075,Variable
BaseMachineType_Monitoring_Status_Stacklight_StackLevel_LevelPercent_EngineeringUnits,6076,Variable
BaseMachineType_Monitoring_Status_Stacklight_StackLevel_LevelPercent_InstrumentRange,6077,Variable
BaseMachineType_Monitoring_Status_Stacklight_StackLevel_LevelPercent_ValuePrecision,6078,Variable
BaseMachineType_MachineryBuildingBlocks_ResultManagement_GetResultIdListFiltered_InputArguments,6079,Variable
BaseMachineType_MachineryBuildingBlocks_ResultManagement_GetResultIdListFiltered_OutputArguments,6080,Variable
BaseMachineType_MachineryBuildingBlocks_ResultManagement_ReleaseResultHandle_InputArguments,6081,Variable
BaseMachineType_MachineryBuildingBlocks_ResultManagement_ReleaseResultHandle_OutputArguments,6082,Variable
BaseMachineType_MachineryBuildingBlocks_ResultManagement_ResultTransfer_ClientProcessingTimeout,6083,Variable
BaseMachineType_MachineryBuildingBlocks_ResultManagement_ResultTransfer_CloseAndCommit_InputArguments,6084,Variable
BaseMachineType_MachineryBuildingBlocks_ResultManagement_ResultTransfer_CloseAndCommit_OutputArguments,6085,Variable
BaseMachineType_MachineryBuildingBlocks_ResultManagement_ResultTransfer_GenerateFileForRead_InputArguments,6086,Variable
BaseMachineType_MachineryBuildingBlocks_ResultManagement_ResultTransfer_GenerateFileForRead_OutputArguments,6087,Variable
BaseMachineType_MachineryBuildingBlocks_ResultManagement_ResultTransfer_GenerateFileForWrite_InputArguments,6088,Variable
BaseMachineType_MachineryBuildingBlocks_ResultManagement_ResultTransfer_GenerateFileForWrite_OutputArguments,6089,Variable
Server_Namespaces_http___opcfoundation_org_UA_Machinery_Example__IsNamespaceSubset,6090,Variable
Server_Namespaces_http___opcfoundation_org_UA_Machinery_Example__NamespacePublicationDate,6091,Variable
Server_Namespaces_http___opcfoundation_org_UA_Machinery_Example__NamespaceUri,6092,Variable
Server_Namespaces_http___opcfoundation_org_UA_Machinery_Example__NamespaceVersion,6093,Variable
Server_Namespaces_http___opcfoundation_org_UA_Machinery_Example__StaticNodeIdTypes,6094,Variable
Server_Namespaces_http___opcfoundation_org_UA_Machinery_Example__StaticNumericNodeIdRange,6095,Variable
Server_Namespaces_http___opcfoundation_org_UA_Machinery_Example__StaticStringNodeIdPattern,6096,Variable
BaseComponentType_Identification_Manufacturer,6124,Variable
BaseComponentType_Identification_SerialNumber,6125,Variable
BaseMachineType_Components_Component_Identification_Manufacturer,6126,Variable
BaseMachineType_Components_Component_Identification_SerialNumber,6127,Variable
BaseComponentType_Monitoring_Status_MachineryItemState_CurrentState,6128,Variable
BaseComponentType_Monitoring_Status_MachineryItemState_CurrentState_Id,6129,Variable
BaseComponentType_Monitoring_Status_Stacklight_StacklightMode,6132,Variable
BaseComponentType_Monitoring_Status_MachineryItemState_AvailableStates,6133,Variable
BaseComponentType_Monitoring_Status_MachineryItemState_AvailableTransitions,6134,Variable
BaseComponentType_Monitoring_Status_MachineryItemState_LastTransition,6135,Variable
BaseComponentType_Monitoring_Status_MachineryItemState_LastTransition_Id,6136,Variable
BaseComponentType_Monitoring_Status_Stacklight_NodeVersion,6141,Variable
BaseComponentType_Monitoring_Status_Stacklight_StackLevel_DisplayMode,6142,Variable
BaseComponentType_Monitoring_Status_Stacklight_StackLevel_LevelPercent,6143,Variable
BaseComponentType_Monitoring_Status_Stacklight_StackLevel_LevelPercent_EURange,6144,Variable
BaseComponentType_Monitoring_Status_MachineryItemState_CurrentState_EffectiveDisplayName,6145,Variable
BaseComponentType_Monitoring_Status_MachineryItemState_CurrentState_Name,6146,Variable
BaseComponentType_Monitoring_Status_MachineryItemState_CurrentState_Number,6147,Variable
BaseComponentType_Monitoring_Status_MachineryItemState_LastTransition_EffectiveTransitionTime,6148,Variable
BaseComponentType_Monitoring_Status_MachineryItemState_LastTransition_Name,6149,Variable
BaseComponentType_Monitoring_Status_MachineryItemState_LastTransition_Number,6150,Variable
BaseComponentType_Monitoring_Status_MachineryItemState_LastTransition_TransitionTime,6151,Variable
BaseComponentType_Monitoring_Status_Stacklight_StackLevel_LevelPercent_Definition,6159,Variable
BaseComponentType_Monitoring_Status_Stacklight_StackLevel_LevelPercent_EngineeringUnits,6160,Variable
BaseComponentType_Monitoring_Status_Stacklight_StackLevel_LevelPercent_InstrumentRange,6161,Variable
BaseComponentType_Monitoring_Status_Stacklight_StackLevel_LevelPercent_ValuePrecision,6162,Variable
BaseComponentType_Monitoring_Health_DeviceHealth,6163,Variable
BaseComponentType_OperationCounters_OperationCycleCounter,6164,Variable
BaseComponentType_OperationCounters_OperationDuration,6165,Variable
BaseComponentType_OperationCounters_PowerOnDuration,6166,Variable
BaseComponentType_MachineryBuildingBlocks_LifetimeCounters_LifetimeVariable,6167,Variable
BaseComponentType_MachineryBuildingBlocks_LifetimeCounters_LifetimeVariable_EngineeringUnits,6168,Variable
BaseComponentType_MachineryBuildingBlocks_LifetimeCounters_LifetimeVariable_LimitValue,6169,Variable
BaseComponentType_MachineryBuildingBlocks_LifetimeCounters_LifetimeVariable_StartValue,6170,Variable
BaseComponentType_MachineryBuildingBlocks_JobManagement_JobOrderControl_CurrentState,6198,Variable
BaseComponentType_MachineryBuildingBlocks_JobManagement_JobOrderControl_CurrentState_Id,6199,Variable
BaseComponentType_MachineryBuildingBlocks_JobManagement_JobOrderControl_EquipmentID,6200,Variable
BaseComponentType_MachineryBuildingBlocks_JobManagement_JobOrderControl_JobOrderList,6201,Variable
BaseComponentType_MachineryBuildingBlocks_JobManagement_JobOrderControl_MaterialClassID,6202,Variable
BaseComponentType_MachineryBuildingBlocks_JobManagement_JobOrderControl_MaterialDefinitionID,6203,Variable
BaseComponentType_MachineryBuildingBlocks_JobManagement_JobOrderControl_MaxDownloadableJobOrders,6204,Variable
BaseComponentType_MachineryBuildingBlocks_JobManagement_JobOrderControl_PersonnelID,6205,Variable
BaseComponentType_MachineryBuildingBlocks_JobManagement_JobOrderControl_PhysicalAssetID,6206,Variable
BaseComponentType_MachineryBuildingBlocks_JobManagement_JobOrderControl_WorkMaster,6207,Variable
BaseComponentType_MachineryBuildingBlocks_JobManagement_JobOrderResults_RequestJobResponseByJobOrderID_InputArguments,6208,Variable
BaseComponentType_MachineryBuildingBlocks_JobManagement_JobOrderResults_RequestJobResponseByJobOrderID_OutputArguments,6209,Variable
BaseComponentType_MachineryBuildingBlocks_JobManagement_JobOrderResults_RequestJobResponseByJobOrderState_InputArguments,6210,Variable
BaseComponentType_MachineryBuildingBlocks_JobManagement_JobOrderResults_RequestJobResponseByJobOrderState_OutputArguments,6211,Variable
BaseComponentType_MachineryBuildingBlocks_JobManagement_JobOrderControl_Abort_InputArguments,6212,Variable
BaseComponentType_MachineryBuildingBlocks_JobManagement_JobOrderControl_Abort_OutputArguments,6213,Variable
BaseComponentType_MachineryBuildingBlocks_JobManagement_JobOrderControl_Cancel_InputArguments,6214,Variable
BaseComponentType_MachineryBuildingBlocks_JobManagement_JobOrderControl_Cancel_OutputArguments,6215,Variable
BaseComponentType_MachineryBuildingBlocks_JobManagement_JobOrderControl_Clear_InputArguments,6216,Variable
BaseComponentType_MachineryBuildingBlocks_JobManagement_JobOrderControl_Clear_OutputArguments,6217,Variable
BaseComponentType_MachineryBuildingBlocks_JobManagement_JobOrderControl_Pause_InputArguments,6218,Variable
BaseComponentType_MachineryBuildingBlocks_JobManagement_JobOrderControl_Pause_OutputArguments,6219,Variable
BaseComponentType_MachineryBuildingBlocks_JobManagement_JobOrderControl_Resume_InputArguments,6220,Variable
BaseComponentType_MachineryBuildingBlocks_JobManagement_JobOrderControl_Resume_OutputArguments,6221,Variable
BaseComponentType_MachineryBuildingBlocks_JobManagement_JobOrderControl_RevokeStart_InputArguments,6222,Variable
BaseComponentType_MachineryBuildingBlocks_JobManagement_JobOrderControl_RevokeStart_OutputArguments,6223,Variable
BaseComponentType_MachineryBuildingBlocks_JobManagement_JobOrderControl_Start_InputArguments,6224,Variable
BaseComponentType_MachineryBuildingBlocks_JobManagement_JobOrderControl_Start_OutputArguments,6225,Variable
BaseComponentType_MachineryBuildingBlocks_JobManagement_JobOrderControl_Stop_InputArguments,6226,Variable
BaseComponentType_MachineryBuildingBlocks_JobManagement_JobOrderControl_Stop_OutputArguments,6227,Variable
BaseComponentType_MachineryBuildingBlocks_JobManagement_JobOrderControl_Store_InputArguments,6228,Variable
BaseComponentType_MachineryBuildingBlocks_JobManagement_JobOrderControl_Store_OutputArguments,6229,Variable
BaseComponentType_MachineryBuildingBlocks_JobManagement_JobOrderControl_StoreAndStart_InputArguments,6230,Variable
BaseComponentType_MachineryBuildingBlocks_JobManagement_JobOrderControl_StoreAndStart_OutputArguments,6231,Variable
BaseComponentType_MachineryBuildingBlocks_JobManagement_JobOrderControl_Update_InputArguments,6232,Variable
BaseComponentType_MachineryBuildingBlocks_JobManagement_JobOrderControl_Update_OutputArguments,6233,Variable
BaseComponentType_MachineryBuildingBlocks_JobManagement_JobOrderResults_JobOrderResponseList,6234,Variable
BaseMachineType_MachineryBuildingBlocks_JobManagement_JobOrderControl_Abort_InputArguments,6235,Variable
BaseMachineType_MachineryBuildingBlocks_JobManagement_JobOrderControl_Abort_OutputArguments,6236,Variable
BaseMachineType_MachineryBuildingBlocks_JobManagement_JobOrderControl_Cancel_InputArguments,6237,Variable
BaseMachineType_MachineryBuildingBlocks_JobManagement_JobOrderControl_Cancel_OutputArguments,6238,Variable
BaseMachineType_MachineryBuildingBlocks_JobManagement_JobOrderControl_Clear_InputArguments,6239,Variable
BaseMachineType_MachineryBuildingBlocks_JobManagement_JobOrderControl_Clear_OutputArguments,6240,Variable
BaseMachineType_MachineryBuildingBlocks_JobManagement_JobOrderControl_Pause_InputArguments,6241,Variable
BaseMachineType_MachineryBuildingBlocks_JobManagement_JobOrderControl_Pause_OutputArguments,6242,Variable
BaseMachineType_MachineryBuildingBlocks_JobManagement_JobOrderControl_Resume_InputArguments,6243,Variable
BaseMachineType_MachineryBuildingBlocks_JobManagement_JobOrderControl_Resume_OutputArguments,6244,Variable
BaseMachineType_MachineryBuildingBlocks_JobManagement_JobOrderControl_RevokeStart_InputArguments,6245,Variable
BaseMachineType_MachineryBuildingBlocks_JobManagement_JobOrderControl_RevokeStart_OutputArguments,6246,Variable
BaseMachineType_MachineryBuildingBlocks_JobManagement_JobOrderControl_Start_InputArguments,6247,Variable
BaseMachineType_MachineryBuildingBlocks_JobManagement_JobOrderControl_Start_OutputArguments,6248,Variable
BaseMachineType_MachineryBuildingBlocks_JobManagement_JobOrderControl_Stop_InputArguments,6249,Variable
BaseMachineType_MachineryBuildingBlocks_JobManagement_JobOrderControl_Stop_OutputArguments,6250,Variable
BaseMachineType_MachineryBuildingBlocks_JobManagement_JobOrderControl_Store_InputArguments,6251,Variable
BaseMachineType_MachineryBuildingBlocks_JobManagement_JobOrderControl_Store_OutputArguments,6252,Variable
BaseMachineType_MachineryBuildingBlocks_JobManagement_JobOrderControl_StoreAndStart_InputArguments,6253,Variable
BaseMachineType_MachineryBuildingBlocks_JobManagement_JobOrderControl_StoreAndStart_OutputArguments,6254,Variable
BaseMachineType_MachineryBuildingBlocks_JobManagement_JobOrderControl_Update_InputArguments,6255,Variable
BaseMachineType_MachineryBuildingBlocks_JobManagement_JobOrderControl_Update_OutputArguments,6256,Variable
BaseMachineType_MachineryBuildingBlocks_JobManagement_JobOrderResults_JobOrderResponseList,6257,Variable
BaseComponentType_MachineryBuildingBlocks_ResultManagement_AcknowledgeResults_InputArguments,6258,Variable
BaseComponentType_MachineryBuildingBlocks_ResultManagement_AcknowledgeResults_OutputArguments,6259,Variable
BaseComponentType_MachineryBuildingBlocks_ResultManagement_GetLatestResult_InputArguments,6260,Variable
BaseComponentType_MachineryBuildingBlocks_ResultManagement_GetLatestResult_OutputArguments,6261,Variable
BaseComponentType_MachineryBuildingBlocks_ResultManagement_GetResultById_InputArguments,6262,Variable
BaseComponentType_MachineryBuildingBlocks_ResultManagement_GetResultById_OutputArguments,6263,Variable
BaseComponentType_MachineryBuildingBlocks_ResultManagement_GetResultIdListFiltered_InputArguments,6264,Variable
BaseComponentType_MachineryBuildingBlocks_ResultManagement_GetResultIdListFiltered_OutputArguments,6265,Variable
BaseComponentType_MachineryBuildingBlocks_ResultManagement_ReleaseResultHandle_InputArguments,6266,Variable
BaseComponentType_MachineryBuildingBlocks_ResultManagement_ReleaseResultHandle_OutputArguments,6267,Variable
BaseComponentType_MachineryBuildingBlocks_ResultManagement_ResultTransfer_ClientProcessingTimeout,6268,Variable
BaseComponentType_MachineryBuildingBlocks_ResultManagement_ResultTransfer_CloseAndCommit_InputArguments,6269,Variable
BaseComponentType_MachineryBuildingBlocks_ResultManagement_ResultTransfer_CloseAndCommit_OutputArguments,6270,Variable
BaseComponentType_MachineryBuildingBlocks_ResultManagement_ResultTransfer_GenerateFileForRead_InputArguments,6271,Variable
BaseComponentType_MachineryBuildingBlocks_ResultManagement_ResultTransfer_GenerateFileForRead_OutputArguments,6272,Variable
BaseComponentType_MachineryBuildingBlocks_ResultManagement_ResultTransfer_GenerateFileForWrite_InputArguments,6273,Variable
BaseComponentType_MachineryBuildingBlocks_ResultManagement_ResultTransfer_GenerateFileForWrite_OutputArguments,6274,Variable
BaseComponentType_Monitoring_Process_Measurement_AnalogSignal,6275,Variable
BaseComponentType_Monitoring_Process_Measurement_AnalogSignal_EngineeringUnits,6276,Variable
BaseComponentType_Monitoring_Process_Measurement_AnalogSignal_EURange,6277,Variable
BaseComponentType_Monitoring_Process_Measurement_SignalTag,6278,Variable
BaseComponentType_Monitoring_Process_Measurement_AnalogSignal_ActualValue,6279,Variable
BaseComponentType_Monitoring_Process_Measurement_AnalogSignal_Damping,6280,Variable
BaseComponentType_Monitoring_Process_Measurement_AnalogSignal_Definition,6281,Variable
BaseComponentType_Monitoring_Process_Measurement_AnalogSignal_InstrumentRange,6282,Variable
BaseComponentType_Monitoring_Process_Measurement_AnalogSignal_SimulationState,6283,Variable
BaseComponentType_Monitoring_Process_Measurement_AnalogSignal_SimulationValue,6284,Variable
BaseComponentType_Monitoring_Process_Measurement_AnalogSignal_ValuePrecision,6285,Variable
BaseComponentType_Monitoring_Process_Measurement_AlarmSuppression,6286,Variable
BaseComponentType_Monitoring_Process_Measurement_AlarmSuppression_EnumValues,6287,Variable
BaseComponentType_Monitoring_Process_Measurement_AlarmSuppression_ValueAsText,6288,Variable
BaseComponentType_Monitoring_Process_Measurement_DeviationAlarm_AckedState,6289,Variable
BaseComponentType_Monitoring_Process_Measurement_DeviationAlarm_AckedState_Id,6290,Variable
BaseComponentType_Monitoring_Process_Measurement_DeviationAlarm_Acknowledge_InputArguments,6291,Variable
BaseComponentType_Monitoring_Process_Measurement_DeviationAlarm_ActiveState,6292,Variable
BaseComponentType_Monitoring_Process_Measurement_DeviationAlarm_ActiveState_Id,6293,Variable
BaseComponentType_Monitoring_Process_Measurement_DeviationAlarm_AddComment_InputArguments,6294,Variable
BaseComponentType_Monitoring_Process_Measurement_DeviationAlarm_BranchId,6295,Variable
BaseComponentType_Monitoring_Process_Measurement_DeviationAlarm_ClientUserId,6296,Variable
BaseComponentType_Monitoring_Process_Measurement_DeviationAlarm_Comment,6297,Variable
BaseComponentType_Monitoring_Process_Measurement_DeviationAlarm_Comment_SourceTimestamp,6298,Variable
BaseComponentType_Monitoring_Process_Measurement_DeviationAlarm_ConditionClassId,6299,Variable
BaseComponentType_Monitoring_Process_Measurement_DeviationAlarm_ConditionClassName,6300,Variable
BaseComponentType_Monitoring_Process_Measurement_DeviationAlarm_ConditionName,6301,Variable
BaseComponentType_Monitoring_Process_Measurement_DeviationAlarm_EnabledState,6302,Variable
BaseComponentType_Monitoring_Process_Measurement_DeviationAlarm_EnabledState_Id,6303,Variable
BaseComponentType_Monitoring_Process_Measurement_DeviationAlarm_EventId,6304,Variable
BaseComponentType_Monitoring_Process_Measurement_DeviationAlarm_EventType,6305,Variable
BaseComponentType_Monitoring_Process_Measurement_DeviationAlarm_InputNode,6306,Variable
BaseComponentType_Monitoring_Process_Measurement_DeviationAlarm_LastSeverity,6307,Variable
BaseComponentType_Monitoring_Process_Measurement_DeviationAlarm_LastSeverity_SourceTimestamp,6308,Variable
BaseComponentType_Monitoring_Process_Measurement_DeviationAlarm_LimitState_CurrentState,6309,Variable
BaseComponentType_Monitoring_Process_Measurement_DeviationAlarm_LimitState_CurrentState_Id,6310,Variable
BaseComponentType_Monitoring_Process_Measurement_DeviationAlarm_Message,6311,Variable
BaseComponentType_Monitoring_Process_Measurement_DeviationAlarm_Quality,6312,Variable
BaseComponentType_Monitoring_Process_Measurement_DeviationAlarm_Quality_SourceTimestamp,6313,Variable
BaseComponentType_Monitoring_Process_Measurement_DeviationAlarm_ReceiveTime,6314,Variable
BaseComponentType_Monitoring_Process_Measurement_DeviationAlarm_Retain,6315,Variable
BaseComponentType_Monitoring_Process_Measurement_DeviationAlarm_SetpointNode,6316,Variable
BaseComponentType_Monitoring_Process_Measurement_DeviationAlarm_Severity,6317,Variable
BaseComponentType_Monitoring_Process_Measurement_DeviationAlarm_SourceName,6318,Variable
BaseComponentType_Monitoring_Process_Measurement_DeviationAlarm_SourceNode,6319,Variable
BaseComponentType_Monitoring_Process_Measurement_DeviationAlarm_SuppressedOrShelved,6320,Variable
BaseComponentType_Monitoring_Process_Measurement_DeviationAlarm_Time,6321,Variable
BaseComponentType_Monitoring_Process_Measurement_LimitAlarm_AckedState,6322,Variable
BaseComponentType_Monitoring_Process_Measurement_LimitAlarm_AckedState_Id,6323,Variable
BaseComponentType_Monitoring_Process_Measurement_LimitAlarm_Acknowledge_InputArguments,6324,Variable
BaseComponentType_Monitoring_Process_Measurement_LimitAlarm_ActiveState,6325,Variable
BaseComponentType_Monitoring_Process_Measurement_LimitAlarm_ActiveState_Id,6326,Variable
BaseComponentType_Monitoring_Process_Measurement_LimitAlarm_AddComment_InputArguments,6327,Variable
BaseComponentType_Monitoring_Process_Measurement_LimitAlarm_BranchId,6328,Variable
BaseComponentType_Monitoring_Process_Measurement_LimitAlarm_ClientUserId,6329,Variable
BaseComponentType_Monitoring_Process_Measurement_LimitAlarm_Comment,6330,Variable
BaseComponentType_Monitoring_Process_Measurement_LimitAlarm_Comment_SourceTimestamp,6331,Variable
BaseComponentType_Monitoring_Process_Measurement_LimitAlarm_ConditionClassId,6332,Variable
BaseComponentType_Monitoring_Process_Measurement_LimitAlarm_ConditionClassName,6333,Variable
BaseComponentType_Monitoring_Process_Measurement_LimitAlarm_ConditionName,6334,Variable
BaseComponentType_Monitoring_Process_Measurement_LimitAlarm_EnabledState,6335,Variable
BaseComponentType_Monitoring_Process_Measurement_LimitAlarm_EnabledState_Id,6336,Variable
BaseComponentType_Monitoring_Process_Measurement_LimitAlarm_EventId,6337,Variable
BaseComponentType_Monitoring_Process_Measurement_LimitAlarm_EventType,6338,Variable
BaseComponentType_Monitoring_Process_Measurement_LimitAlarm_InputNode,6339,Variable
BaseComponentType_Monitoring_Process_Measurement_LimitAlarm_LastSeverity,6340,Variable
BaseComponentType_Monitoring_Process_Measurement_LimitAlarm_LastSeverity_SourceTimestamp,6341,Variable
BaseComponentType_Monitoring_Process_Measurement_LimitAlarm_LimitState_CurrentState,6342,Variable
BaseComponentType_Monitoring_Process_Measurement_LimitAlarm_LimitState_CurrentState_Id,6343,Variable
BaseComponentType_Monitoring_Process_Measurement_LimitAlarm_Message,6344,Variable
BaseComponentType_Monitoring_Process_Measurement_LimitAlarm_Quality,6345,Variable
BaseComponentType_Monitoring_Process_Measurement_LimitAlarm_Quality_SourceTimestamp,6346,Variable
BaseComponentType_Monitoring_Process_Measurement_LimitAlarm_ReceiveTime,6347,Variable
BaseComponentType_Monitoring_Process_Measurement_LimitAlarm_Retain,6348,Variable
BaseComponentType_Monitoring_Process_Measurement_LimitAlarm_Severity,6349,Variable
BaseComponentType_Monitoring_Process_Measurement_LimitAlarm_SourceName,6350,Variable
BaseComponentType_Monitoring_Process_Measurement_LimitAlarm_SourceNode,6351,Variable
BaseComponentType_Monitoring_Process_Measurement_LimitAlarm_SuppressedOrShelved,6352,Variable
BaseComponentType_Monitoring_Process_Measurement_LimitAlarm_Time,6353,Variable
BaseComponentType_Monitoring_Process_Measurement_ProcessValueSetpoint,6354,Variable
BaseComponentType_Monitoring_Process_Measurement_ProcessValueSetpoint_EngineeringUnits,6355,Variable
BaseComponentType_Monitoring_Process_Measurement_ProcessValueSetpoint_EURange,6356,Variable
BaseComponentType_Monitoring_Process_Measurement_Status,6357,Variable
BaseComponentType_Monitoring_Process_Measurement_Status_EnumValues,6358,Variable
BaseComponentType_Monitoring_Process_Measurement_Status_ValueAsText,6359,Variable
BaseMachineType_Monitoring_Process_Measurement_AnalogSignal,6360,Variable
BaseMachineType_Monitoring_Process_Measurement_AnalogSignal_EngineeringUnits,6361,Variable
BaseMachineType_Monitoring_Process_Measurement_AnalogSignal_EURange,6362,Variable
BaseMachineType_Monitoring_Process_Measurement_SignalTag,6363,Variable
BaseMachineType_Monitoring_Process_Measurement_AnalogSignal_ActualValue,6364,Variable
BaseMachineType_Monitoring_Process_Measurement_AnalogSignal_Damping,6365,Variable
BaseMachineType_Monitoring_Process_Measurement_AnalogSignal_Definition,6366,Variable
BaseMachineType_Monitoring_Process_Measurement_AnalogSignal_InstrumentRange,6367,Variable
BaseMachineType_Monitoring_Process_Measurement_AnalogSignal_SimulationState,6368,Variable
BaseMachineType_Monitoring_Process_Measurement_AnalogSignal_SimulationValue,6369,Variable
BaseMachineType_Monitoring_Process_Measurement_AnalogSignal_ValuePrecision,6370,Variable
BaseMachineType_Monitoring_Process_Measurement_AlarmSuppression,6371,Variable
BaseMachineType_Monitoring_Process_Measurement_AlarmSuppression_EnumValues,6372,Variable
BaseMachineType_Monitoring_Process_Measurement_AlarmSuppression_ValueAsText,6373,Variable
BaseMachineType_Monitoring_Process_Measurement_DeviationAlarm_AckedState,6374,Variable
BaseMachineType_Monitoring_Process_Measurement_DeviationAlarm_AckedState_Id,6375,Variable
BaseMachineType_Monitoring_Process_Measurement_DeviationAlarm_Acknowledge_InputArguments,6376,Variable
BaseMachineType_Monitoring_Process_Measurement_DeviationAlarm_ActiveState,6377,Variable
BaseMachineType_Monitoring_Process_Measurement_DeviationAlarm_ActiveState_Id,6378,Variable
BaseMachineType_Monitoring_Process_Measurement_DeviationAlarm_AddComment_InputArguments,6379,Variable
BaseMachineType_Monitoring_Process_Measurement_DeviationAlarm_BranchId,6380,Variable
BaseMachineType_Monitoring_Process_Measurement_DeviationAlarm_ClientUserId,6381,Variable
BaseMachineType_Monitoring_Process_Measurement_DeviationAlarm_Comment,6382,Variable
BaseMachineType_Monitoring_Process_Measurement_DeviationAlarm_Comment_SourceTimestamp,6383,Variable
BaseMachineType_Monitoring_Process_Measurement_DeviationAlarm_ConditionClassId,6384,Variable
BaseMachineType_Monitoring_Process_Measurement_DeviationAlarm_ConditionClassName,6385,Variable
BaseMachineType_Monitoring_Process_Measurement_DeviationAlarm_ConditionName,6386,Variable
BaseMachineType_Monitoring_Process_Measurement_DeviationAlarm_EnabledState,6387,Variable
BaseMachineType_Monitoring_Process_Measurement_DeviationAlarm_EnabledState_Id,6388,Variable
BaseMachineType_Monitoring_Process_Measurement_DeviationAlarm_EventId,6389,Variable
BaseMachineType_Monitoring_Process_Measurement_DeviationAlarm_EventType,6390,Variable
BaseMachineType_Monitoring_Process_Measurement_DeviationAlarm_InputNode,6391,Variable
BaseMachineType_Monitoring_Process_Measurement_DeviationAlarm_LastSeverity,6392,Variable
BaseMachineType_Monitoring_Process_Measurement_DeviationAlarm_LastSeverity_SourceTimestamp,6393,Variable
BaseMachineType_Monitoring_Process_Measurement_DeviationAlarm_LimitState_CurrentState,6394,Variable
BaseMachineType_Monitoring_Process_Measurement_DeviationAlarm_LimitState_CurrentState_Id,6395,Variable
BaseMachineType_Monitoring_Process_Measurement_DeviationAlarm_Message,6396,Variable
BaseMachineType_Monitoring_Process_Measurement_DeviationAlarm_Quality,6397,Variable
BaseMachineType_Monitoring_Process_Measurement_DeviationAlarm_Quality_SourceTimestamp,6398,Variable
BaseMachineType_Monitoring_Process_Measurement_DeviationAlarm_ReceiveTime,6399,Variable
BaseMachineType_Monitoring_Process_Measurement_DeviationAlarm_Retain,6400,Variable
BaseMachineType_Monitoring_Process_Measurement_DeviationAlarm_SetpointNode,6401,Variable
BaseMachineType_Monitoring_Process_Measurement_DeviationAlarm_Severity,6402,Variable
BaseMachineType_Monitoring_Process_Measurement_DeviationAlarm_SourceName,6403,Variable
BaseMachineType_Monitoring_Process_Measurement_DeviationAlarm_SourceNode,6404,Variable
BaseMachineType_Monitoring_Process_Measurement_DeviationAlarm_SuppressedOrShelved,6405,Variable
BaseMachineType_Monitoring_Process_Measurement_DeviationAlarm_Time,6406,Variable
BaseMachineType_Monitoring_Process_Measurement_LimitAlarm_AckedState,6407,Variable
BaseMachineType_Monitoring_Process_Measurement_LimitAlarm_AckedState_Id,6408,Variable
BaseMachineType_Monitoring_Process_Measurement_LimitAlarm_Acknowledge_InputArguments,6409,Variable
BaseMachineType_Monitoring_Process_Measurement_LimitAlarm_ActiveState,6410,Variable
BaseMachineType_Monitoring_Process_Measurement_LimitAlarm_ActiveState_Id,6411,Variable
BaseMachineType_Monitoring_Process_Measurement_LimitAlarm_AddComment_InputArguments,6412,Variable
BaseMachineType_Monitoring_Process_Measurement_LimitAlarm_BranchId,6413,Variable
BaseMachineType_Monitoring_Process_Measurement_LimitAlarm_ClientUserId,6414,Variable
BaseMachineType_Monitoring_Process_Measurement_LimitAlarm_Comment,6415,Variable
BaseMachineType_Monitoring_Process_Measurement_LimitAlarm_Comment_SourceTimestamp,6416,Variable
BaseMachineType_Monitoring_Process_Measurement_LimitAlarm_ConditionClassId,6417,Variable
BaseMachineType_Monitoring_Process_Measurement_LimitAlarm_ConditionClassName,6418,Variable
BaseMachineType_Monitoring_Process_Measurement_LimitAlarm_ConditionName,6419,Variable
BaseMachineType_Monitoring_Process_Measurement_LimitAlarm_EnabledState,6420,Variable
BaseMachineType_Monitoring_Process_Measurement_LimitAlarm_EnabledState_Id,6421,Variable
BaseMachineType_Monitoring_Process_Measurement_LimitAlarm_EventId,6422,Variable
BaseMachineType_Monitoring_Process_Measurement_LimitAlarm_EventType,6423,Variable
BaseMachineType_Monitoring_Process_Measurement_LimitAlarm_InputNode,6424,Variable
BaseMachineType_Monitoring_Process_Measurement_LimitAlarm_LastSeverity,6425,Variable
BaseMachineType_Monitoring_Process_Measurement_LimitAlarm_LastSeverity_SourceTimestamp,6426,Variable
BaseMachineType_Monitoring_Process_Measurement_LimitAlarm_LimitState_CurrentState,6427,Variable
BaseMachineType_Monitoring_Process_Measurement_LimitAlarm_LimitState_CurrentState_Id,6428,Variable
BaseMachineType_Monitoring_Process_Measurement_LimitAlarm_Message,6429,Variable
BaseMachineType_Monitoring_Process_Measurement_LimitAlarm_Quality,6430,Variable
BaseMachineType_Monitoring_Process_Measurement_LimitAlarm_Quality_SourceTimestamp,6431,Variable
BaseMachineType_Monitoring_Process_Measurement_LimitAlarm_ReceiveTime,6432,Variable
BaseMachineType_Monitoring_Process_Measurement_LimitAlarm_Retain,6433,Variable
BaseMachineType_Monitoring_Process_Measurement_LimitAlarm_Severity,6434,Variable
BaseMachineType_Monitoring_Process_Measurement_LimitAlarm_SourceName,6435,Variable
BaseMachineType_Monitoring_Process_Measurement_LimitAlarm_SourceNode,6436,Variable
BaseMachineType_Monitoring_Process_Measurement_LimitAlarm_SuppressedOrShelved,6437,Variable
BaseMachineType_Monitoring_Process_Measurement_LimitAlarm_Time,6438,Variable
BaseMachineType_Monitoring_Process_Measurement_ProcessValueSetpoint,6439,Variable
BaseMachineType_Monitoring_Process_Measurement_ProcessValueSetpoint_EngineeringUnits,6440,Variable
BaseMachineType_Monitoring_Process_Measurement_ProcessValueSetpoint_EURange,6441,Variable
BaseMachineType_Monitoring_Process_Measurement_Status,6442,Variable
BaseMachineType_Monitoring_Process_Measurement_Status_EnumValues,6443,Variable
BaseMachineType_Monitoring_Process_Measurement_Status_ValueAsText,6444,Variable
BaseMachineType_Monitoring_Status_MachineryOperationMode_CurrentState,6445,Variable
BaseMachineType_Monitoring_Status_MachineryOperationMode_CurrentState_Id,6446,Variable
BaseMachineType_Monitoring_Status_MachineryOperationMode_AvailableStates,6447,Variable
BaseMachineType_Monitoring_Status_MachineryOperationMode_AvailableTransitions,6448,Variable
BaseMachineType_Monitoring_Status_MachineryOperationMode_LastTransition,6449,Variable
BaseMachineType_Monitoring_Status_MachineryOperationMode_LastTransition_Id,6450,Variable
BaseMachineType_Monitoring_Status_MachineryOperationMode_CurrentState_EffectiveDisplayName,6451,Variable
BaseMachineType_Monitoring_Status_MachineryOperationMode_CurrentState_Name,6452,Variable
BaseMachineType_Monitoring_Status_MachineryOperationMode_CurrentState_Number,6453,Variable
BaseMachineType_Monitoring_Status_MachineryOperationMode_LastTransition_EffectiveTransitionTime,6454,Variable
BaseMachineType_Monitoring_Status_MachineryOperationMode_LastTransition_Name,6455,Variable
BaseMachineType_Monitoring_Status_MachineryOperationMode_LastTransition_Number,6456,Variable
BaseMachineType_Monitoring_Status_MachineryOperationMode_LastTransition_TransitionTime,6457,Variable
BaseMachineType_MachineryBuildingBlocks_JobManagement_JobOrderResults_RequestJobResponseByJobOrderID,7001,Method
BaseMachineType_MachineryBuildingBlocks_JobManagement_JobOrderResults_RequestJobResponseByJobOrderState,7002,Method
BaseMachineType_MachineryBuildingBlocks_ResultManagement_AcknowledgeResults,7003,Method
BaseMachineType_MachineryBuildingBlocks_ResultManagement_GetLatestResult,7004,Method
BaseMachineType_MachineryBuildingBlocks_ResultManagement_GetResultById,7005,Method
BaseMachineType_MachineryBuildingBlocks_ResultManagement_GetResultIdListFiltered,7006,Method
BaseMachineType_MachineryBuildingBlocks_ResultManagement_ReleaseResultHandle,7007,Method
BaseMachineType_MachineryBuildingBlocks_ResultManagement_ResultTransfer_CloseAndCommit,7008,Method
BaseMachineType_MachineryBuildingBlocks_ResultManagement_ResultTransfer_GenerateFileForRead,7009,Method
BaseMachineType_MachineryBuildingBlocks_ResultManagement_ResultTransfer_GenerateFileForWrite,7010,Method
BaseComponentType_MachineryBuildingBlocks_JobManagement_JobOrderResults_RequestJobResponseByJobOrderID,7011,Method
BaseComponentType_MachineryBuildingBlocks_JobManagement_JobOrderResults_RequestJobResponseByJobOrderState,7012,Method
BaseComponentType_MachineryBuildingBlocks_JobManagement_JobOrderControl_Abort,7013,Method
BaseComponentType_MachineryBuildingBlocks_JobManagement_JobOrderControl_Cancel,7014,Method
BaseComponentType_MachineryBuildingBlocks_JobManagement_JobOrderControl_Clear,7015,Method
BaseComponentType_MachineryBuildingBlocks_JobManagement_JobOrderControl_Pause,7016,Method
BaseComponentType_MachineryBuildingBlocks_JobManagement_JobOrderControl_Resume,7017,Method
BaseComponentType_MachineryBuildingBlocks_JobManagement_JobOrderControl_RevokeStart,7018,Method
BaseComponentType_MachineryBuildingBlocks_JobManagement_JobOrderControl_Start,7019,Method
BaseComponentType_MachineryBuildingBlocks_JobManagement_JobOrderControl_Stop,7020,Method
BaseComponentType_MachineryBuildingBlocks_JobManagement_JobOrderControl_Store,7021,Method
BaseComponentType_MachineryBuildingBlocks_JobManagement_JobOrderControl_StoreAndStart,7022,Method
BaseComponentType_MachineryBuildingBlocks_JobManagement_JobOrderControl_Update,7023,Method
BaseMachineType_MachineryBuildingBlocks_JobManagement_JobOrderControl_Abort,7024,Method
BaseMachineType_MachineryBuildingBlocks_JobManagement_JobOrderControl_Cancel,7025,Method
BaseMachineType_MachineryBuildingBlocks_JobManagement_JobOrderControl_Clear,7026,Method
BaseMachineType_MachineryBuildingBlocks_JobManagement_JobOrderControl_Pause,7027,Method
BaseMachineType_MachineryBuildingBlocks_JobManagement_JobOrderControl_Resume,7028,Method
BaseMachineType_MachineryBuildingBlocks_JobManagement_JobOrderControl_RevokeStart,7029,Method
BaseMachineType_MachineryBuildingBlocks_JobManagement_JobOrderControl_Start,7030,Method
BaseMachineType_MachineryBuildingBlocks_JobManagement_JobOrderControl_Stop,7031,Method
BaseMachineType_MachineryBuildingBlocks_JobManagement_JobOrderControl_Store,7032,Method
BaseMachineType_MachineryBuildingBlocks_JobManagement_JobOrderControl_StoreAndStart,7033,Method
BaseMachineType_MachineryBuildingBlocks_JobManagement_JobOrderControl_Update,7034,Method
BaseComponentType_MachineryBuildingBlocks_ResultManagement_AcknowledgeResults,7035,Method
BaseComponentType_MachineryBuildingBlocks_ResultManagement_GetLatestResult,7036,Method
BaseComponentType_MachineryBuildingBlocks_ResultManagement_GetResultById,7037,Method
BaseComponentType_MachineryBuildingBlocks_ResultManagement_GetResultIdListFiltered,7038,Method
BaseComponentType_MachineryBuildingBlocks_ResultManagement_ReleaseResultHandle,7039,Method
BaseComponentType_MachineryBuildingBlocks_ResultManagement_ResultTransfer_CloseAndCommit,7040,Method
BaseComponentType_MachineryBuildingBlocks_ResultManagement_ResultTransfer_GenerateFileForRead,7041,Method
BaseComponentType_MachineryBuildingBlocks_ResultManagement_ResultTransfer_GenerateFileForWrite,7042,Method
BaseComponentType_Monitoring_Process_Measurement_DeviationAlarm_Acknowledge,7043,Method
BaseComponentType_Monitoring_Process_Measurement_DeviationAlarm_AddComment,7044,Method
BaseComponentType_Monitoring_Process_Measurement_DeviationAlarm_Disable,7045,Method
BaseComponentType_Monitoring_Process_Measurement_DeviationAlarm_Enable,7046,Method
BaseComponentType_Monitoring_Process_Measurement_LimitAlarm_Acknowledge,7047,Method
BaseComponentType_Monitoring_Process_Measurement_LimitAlarm_AddComment,7048,Method
BaseComponentType_Monitoring_Process_Measurement_LimitAlarm_Disable,7049,Method
BaseComponentType_Monitoring_Process_Measurement_LimitAlarm_Enable,7050,Method
BaseComponentType_Monitoring_Process_Measurement_ZeroPointAdjustment,7051,Method
BaseMachineType_Monitoring_Process_Measurement_DeviationAlarm_Acknowledge,7052,Method
BaseMachineType_Monitoring_Process_Measurement_DeviationAlarm_AddComment,7053,Method
BaseMachineType_Monitoring_Process_Measurement_DeviationAlarm_Disable,7054,Method
BaseMachineType_Monitoring_Process_Measurement_DeviationAlarm_Enable,7055,Method
BaseMachineType_Monitoring_Process_Measurement_LimitAlarm_Acknowledge,7056,Method
BaseMachineType_Monitoring_Process_Measurement_LimitAlarm_AddComment,7057,Method
BaseMachineType_Monitoring_Process_Measurement_LimitAlarm_Disable,7058,Method
BaseMachineType_Monitoring_Process_Measurement_LimitAlarm_Enable,7059,Method
BaseMachineType_Monitoring_Process_Measurement_ZeroPointAdjustment,7060,Method
